filename,extension,date,work,label,project
Moiré video,.mp4,2015,Moiré,hero,Celebrated remedy for disorder
Moiré screenshot1,.jpg,2015,Moiré,screenshot,Celebrated remedy for disorder
Moiré screenshot2,.jpg,2015,Moiré,screenshot,Celebrated remedy for disorder
Moiré screenshot3,.jpg,2015,Moiré,screenshot,Celebrated remedy for disorder
Moiré screenshot4,.jpg,2015,Moiré,screenshot,Celebrated remedy for disorder
Moiré screenshot5,.jpg,2015,Moiré,screenshot,Celebrated remedy for disorder
Moiré screenshot6,.jpg,2015,Moiré,screenshot,Celebrated remedy for disorder
Moiré expo1,.jpg,2015,Moiré,Installation,Celebrated remedy for disorder
Cleanroom,.jpg,2016,Cleanroom,hero,Celebrated remedy for disorder
Cleanroom expo1,.jpg,2016,Cleanroom,Installation,Celebrated remedy for disorder
Cleanroom expo2,.jpg,2016,Cleanroom,Installation,Celebrated remedy for disorder
Chromatic aberration,.jpg,2016,Chromatic aberration,hero,Celebrated remedy for disorder
Chromatic aberration detail1,.jpg,2016,Chromatic aberration,detail,Celebrated remedy for disorder
Chromatic aberration detail2,.jpg,2016,Chromatic aberration,detail,Celebrated remedy for disorder
Chromatic aberration expo1,.jpg,2016,Chromatic aberration,Installation,Celebrated remedy for disorder
Chromatic aberration expo2,.jpg,2016,Chromatic aberration,Installation,Celebrated remedy for disorder
Fruit analysis 1,.jpg,2017,Fruit analysis,hero,Celebrated remedy for disorder
Fruit analysis 2,.jpg,2017,Fruit analysis,hero,Celebrated remedy for disorder
Fruit analysis 3,.jpg,2017,Fruit analysis,hero,Celebrated remedy for disorder
Austrian Alps,.jpg,2017,Austrian Alps,hero,Celebrated remedy for disorder
Austrian Alps expo1,.jpg,2017,Austrian Alps,Installation,Celebrated remedy for disorder
Agfa-Gevaert Laserscan video,.mp4,2017,"3D Laser Scan pointcloud, Agfa-Gevaert ",hero,Celebrated remedy for disorder
Agfa-Gevaert Laserscan cloud,pointcloud,2017,"3D Laser Scan pointcloud, Agfa-Gevaert ",video,Celebrated remedy for disorder
Agfa-Gevaert Laserscan screenshot1,.jpg,2017,"3D Laser Scan pointcloud, Agfa-Gevaert ",screenshot,Celebrated remedy for disorder
Agfa-Gevaert Laserscan screenshot2,.jpg,2017,"3D Laser Scan pointcloud, Agfa-Gevaert ",screenshot,Celebrated remedy for disorder
Agfa-Gevaert Laserscan screenshot3,.jpg,2016,Fluorescent Mineral,screenshot,Celebrated remedy for disorder
Agfa-Gevaert Laserscan screenshot4,.jpg,2016,Fluorescent Mineral,screenshot,Celebrated remedy for disorder
Agfa-Gevaert Laserscan screenshot5,.jpg,2016,Fluorescent Mineral,screenshot,Celebrated remedy for disorder
Agfa-Gevaert Laserscan screenshot6,.jpg,2016,Fluorescent Mineral,screenshot,Celebrated remedy for disorder
Agfa-Gevaert Laserscan screenshot7,.jpg,2016,Fluorescent Mineral,screenshot,Celebrated remedy for disorder
Agfa-Gevaert Laserscan screenshot8,.jpg,2016,Fluorescent Mineral,screenshot,Celebrated remedy for disorder
Agfa-Gevaert Laserscan screenshot9,.jpg,2016,Fluorescent Mineral,screenshot,Celebrated remedy for disorder
Agfa-Gevaert Laserscan screenshot10,.jpg,2016,Fluorescent Mineral,screenshot,Celebrated remedy for disorder
Agfa-Gevaert Laserscan screenshot11,.jpg,2016,Fluorescent Mineral,screenshot,Celebrated remedy for disorder
Linden Tree,.jpg,2017,Linden Tree,hero,Celebrated remedy for disorder
Linden Tree detail1,.jpg,2017,Linden Tree,detail,Celebrated remedy for disorder
Linden Tree detail2,.jpg,2017,Linden Tree,detail,Celebrated remedy for disorder
Linden Tree detail3,.jpg,2017,Linden Tree,detail,Celebrated remedy for disorder
Linden Tree detail4,.jpg,2017,Linden Tree,detail,Celebrated remedy for disorder
Linden Tree detail5,.jpg,2017,Linden Tree,detail,Celebrated remedy for disorder
Linden Tree detail6,.jpg,2017,Linden Tree,detail,Celebrated remedy for disorder
Linden Tree expo1,.jpg,2017,Linden Tree,Installation,Celebrated remedy for disorder
Linden Tree expo2,.jpg,2017,Linden Tree,Installation,Celebrated remedy for disorder
Linden Tree expo3,.jpg,2017,Linden Tree,Installation,Celebrated remedy for disorder
Linden Tree expo4,.jpg,2017,Linden Tree,Installation,Celebrated remedy for disorder
Jolly Silver,.jpg,2017,Jolly Silver,hero,Celebrated remedy for disorder
Jolly Silver expo1,.jpg,2017,Jolly Silver,Installation,Celebrated remedy for disorder
Jolly Silver expo2,.jpg,2017,Jolly Silver,Installation,Celebrated remedy for disorder
Jolly Silver expo3,.jpg,2017,Jolly Silver,Installation,Celebrated remedy for disorder
Lens Coating,.mp4,2017,Lens Coating,hero,Celebrated remedy for disorder
Lens Coating screenshot1,.jpg,2017,Lens Coating,screenshot,Celebrated remedy for disorder
Lens Coating screenshot2,.jpg,2017,Lens Coating,screenshot,Celebrated remedy for disorder
Lens Coating screenshot3,.jpg,2017,Lens Coating,screenshot,Celebrated remedy for disorder
Lens Coating screenshot4,.jpg,2017,Lens Coating,screenshot,Celebrated remedy for disorder
Lens Coating screenshot5,.jpg,2017,Lens Coating,screenshot,Celebrated remedy for disorder
Lens Coating screenshot6,.jpg,2017,Lens Coating,screenshot,Celebrated remedy for disorder
Lens Coating screenshot7,.jpg,2017,Lens Coating,screenshot,Celebrated remedy for disorder
Lens Coating screenshot8,.jpg,2017,Lens Coating,screenshot,Celebrated remedy for disorder
Lens Coating screenshot9,.jpg,2017,Lens Coating,screenshot,Celebrated remedy for disorder
Refractive Lens Exchange,.jpg,2016,Refractive Lens Exchange,hero,Celebrated remedy for disorder
Refractive Lens Exchange expo1,.jpg,2016,Refractive Lens Exchange,Installation,Celebrated remedy for disorder
Refractive Lens Exchange expo2,.jpg,2016,Refractive Lens Exchange,Installation,Celebrated remedy for disorder
Refractive Lens Exchange expo3,.jpg,2016,Refractive Lens Exchange,Installation,Celebrated remedy for disorder
Blossom landscape,.jpg,2018,"Blossom landscape, church and hail cannon",hero,"Aaneembare wereld, kraai kraait niet maar krast"
Blossom landscape expo1,.jpg,2018,"Blossom landscape, church and hail cannon",Installation,"Aaneembare wereld, kraai kraait niet maar krast"
Hail cannon,.jpg,2018,"Blossom landscape, church and hail cannon",hero,"Aaneembare wereld, kraai kraait niet maar krast"
Hail cannon expo1,.jpg,2018,"Blossom landscape, church and hail cannon",Installation,"Aaneembare wereld, kraai kraait niet maar krast"
Church,.jpg,2018,"Blossom landscape, church and hail cannon",hero,"Aaneembare wereld, kraai kraait niet maar krast"
Church expo1,.jpg,2018,"Blossom landscape, church and hail cannon",Installation,"Aaneembare wereld, kraai kraait niet maar krast"
Church and hail cannon expo1,.jpg,2018,"Blossom landscape, church and hail cannon",Installation,"Aaneembare wereld, kraai kraait niet maar krast"
Church and hail cannon expo2,.jpg,2018,"Blossom landscape, church and hail cannon",Installation,"Aaneembare wereld, kraai kraait niet maar krast"
"Blossom landscape, twoducks, church and hail cannon expo1",.jpg,2018,"Blossom landscape, church and hail cannon",Installation,"Aaneembare wereld, kraai kraait niet maar krast"
Palm grass,.jpg,2018,Palm Grass,hero,"Celebrated remedy for disorder, The Probability Report"
Palm grass expo1,.jpg,2018,Palm Grass,Installation,"Celebrated remedy for disorder, The Probability Report"
Palm grass expo2,.jpg,2018,Palm Grass,Installation,"Celebrated remedy for disorder, The Probability Report"
Palm grass expo3,.jpg,2018,Palm Grass,Installation,"Celebrated remedy for disorder, The Probability Report"
Palm grass expo4,.jpg,2018,Palm Grass,Installation,"Celebrated remedy for disorder, The Probability Report"
Two ducks 1,.jpg,2018,Two Ducks,hero,kraai kraait niet maar krast
Two ducks 2,.jpg,2018,Two Ducks,hero,kraai kraait niet maar krast
Two ducks expo1,.jpg,2018,Two Ducks,Installation,kraai kraait niet maar krast
Two ducks expo2,.jpg,2018,Two Ducks,Installation,kraai kraait niet maar krast
Two ducks expo3,.jpg,2018,Two Ducks,Installation,kraai kraait niet maar krast
Two birds 1,.jpg,2018,Two Birds,hero,kraai kraait niet maar krast
Two birds 2,.jpg,2018,Two Birds,hero,kraai kraait niet maar krast
Two birds expo1,.jpg,2018,Two Birds,Installation,kraai kraait niet maar krast
Two birds expo2,.jpg,2018,Two Birds,Installation,kraai kraait niet maar krast
Leaf 1,.jpg,2018,Newborn Leaves,hero,"The Probability Report, kraai kraait niet maar krast"
Leaf 2,.jpg,2018,Newborn Leaves,hero,"The Probability Report, kraai kraait niet maar krast"
Leaf 3,.jpg,2018,Newborn Leaves,hero,"The Probability Report, kraai kraait niet maar krast"
Leaf 4,.jpg,2018,Newborn Leaves,hero,"The Probability Report, kraai kraait niet maar krast"
Leaf 5,.jpg,2018,Newborn Leaves,hero,"The Probability Report, kraai kraait niet maar krast"
Leaf 6,.jpg,2018,Newborn Leaves,hero,"The Probability Report, kraai kraait niet maar krast"
Leaf 7,.jpg,2018,Newborn Leaves,hero,"The Probability Report, kraai kraait niet maar krast"
Leaf 8,.jpg,2018,Newborn Leaves,hero,"The Probability Report, kraai kraait niet maar krast"
Leaf 9,.jpg,2018,Newborn Leaves,hero,"The Probability Report, kraai kraait niet maar krast"
Leaf 10,.jpg,2018,Newborn Leaves,hero,"The Probability Report, kraai kraait niet maar krast"
Leaf 11,.jpg,2018,Newborn Leaves,hero,"The Probability Report, kraai kraait niet maar krast"
Leaf 12,.jpg,2018,Newborn Leaves,hero,"The Probability Report, kraai kraait niet maar krast"
Newborn leaves expo1,.jpg,2018,Newborn Leaves,Installation,"The Probability Report, kraai kraait niet maar krast"
Newborn leaves expo2,.jpg,2018,Newborn Leaves,Installation,"The Probability Report, kraai kraait niet maar krast"
Newborn leaves expo3,.jpg,2018,Newborn Leaves,Installation,"The Probability Report, kraai kraait niet maar krast"
Newborn leaves expo4,.jpg,2018,Newborn Leaves,Installation,"The Probability Report, kraai kraait niet maar krast"
Newborn leaves expo5,.jpg,2018,Newborn Leaves,Installation,"The Probability Report, kraai kraait niet maar krast"
Newborn leaves expo6,.jpg,2018,Newborn Leaves,Installation,"The Probability Report, kraai kraait niet maar krast"
Albedo front,.png,2018,Base color,hero,The Probability Report
"Palmgrass, Albedo front, Newbornleaves expo1",.png,2018,Base color,Installation,The Probability Report
Albedo front expo2,.png,2018,Base color,Installation,The Probability Report
Albedo back,.png,2018,Base color,hero,The Probability Report
Light reflection study,.jpg,2018,Light Reflection study,hero,The Probability Report
Light reflection study expo1,.jpg,2018,Light Reflection study,Installation,The Probability Report
Multilight sunshine 1,.jpg,2018,Multilight sunshine,hero,The Probability Report
Multilight sunshine 2,.jpg,2018,Multilight sunshine,hero,The Probability Report
Multilight sunshine 3,.jpg,2018,Multilight sunshine,hero,The Probability Report
Multilight sunshine 4,.jpg,2018,Multilight sunshine,hero,The Probability Report
Sunlight PBR 1,.jpg,2018,Sunlight PBR,hero,The Probability Report
Sunlight PBR 2,.jpg,2018,Sunlight PBR,hero,The Probability Report
Veins Close-up study 1,.jpg,2018,"Close-up study ",hero,The Probability Report
Veins Close-up study 2,.jpg,2018,"Close-up study ",hero,The Probability Report
Veins Close-up study 3,.jpg,2018,"Close-up study ",hero,The Probability Report
Veins Close-up study 4,.jpg,2018,"Close-up study ",hero,The Probability Report
Veins Close-up study 5,.jpg,2018,"Close-up study ",hero,The Probability Report
Albedo sculpture study 1,.jpg,2018,Sculpture study,hero,The Probability Report
Albedo sculpture study 2,.jpg,2018,Sculpture study,hero,The Probability Report
HDRi universe grid,.png,2018,HDRi univserse,hero,The Probability Report
HDRi universe 1,.jpg,2018,HDRi univserse,hero,The Probability Report
HDRi universe 2,.jpg,2018,HDRi univserse,hero,The Probability Report
HDRi universe 3,.jpg,2018,HDRi univserse,hero,The Probability Report
HDRi universe 4,.jpg,2018,HDRi univserse,hero,The Probability Report
HDRi universe 5,.jpg,2018,HDRi univserse,hero,The Probability Report
HDRi universe 6,.jpg,2018,HDRi univserse,hero,The Probability Report
HDRi universe 7,.jpg,2018,HDRi univserse,hero,The Probability Report
HDRi universe 8,.jpg,2018,HDRi univserse,hero,The Probability Report
HDRi universe 9,.jpg,2018,HDRi univserse,hero,The Probability Report
HDRi universe 10,.jpg,2018,HDRi univserse,hero,The Probability Report
HDRi universe 11,.jpg,2018,HDRi univserse,hero,The Probability Report
HDRi universe 12,.jpg,2018,HDRi univserse,hero,The Probability Report
HDRi universe 13,.jpg,2018,HDRi univserse,hero,The Probability Report
HDRi universe 14,.jpg,2018,HDRi univserse,hero,The Probability Report
HDRi universe 15,.jpg,2018,HDRi univserse,hero,The Probability Report
HDRi universe 16,.jpg,2018,HDRi univserse,hero,The Probability Report
HDRi universe 17,.jpg,2018,HDRi univserse,hero,The Probability Report
HDRi universe 18,.jpg,2018,HDRi univserse,hero,The Probability Report
HDRi universe 19,.jpg,2018,HDRi univserse,hero,The Probability Report
HDRi universe 20,.jpg,2018,HDRi univserse,hero,The Probability Report
HDRi universe 21,.jpg,2018,HDRi univserse,hero,The Probability Report
HDRi universe 22,.jpg,2018,HDRi univserse,hero,The Probability Report
HDRi universe 23,.jpg,2018,HDRi univserse,hero,The Probability Report
HDRi universe 24,.jpg,2018,HDRi univserse,hero,The Probability Report
HDRi universe 25,.jpg,2018,HDRi univserse,hero,The Probability Report
HDRi universe 26,.jpg,2018,HDRi univserse,hero,The Probability Report
HDRi universe 27,.jpg,2018,HDRi univserse,hero,The Probability Report
HDRi universe 28,.jpg,2018,HDRi univserse,hero,The Probability Report
HDRi universe 29,.jpg,2018,HDRi univserse,hero,The Probability Report
HDRi universe 30,.jpg,2018,HDRi univserse,hero,The Probability Report
HDRi universe 31,.jpg,2018,HDRi univserse,hero,The Probability Report
HDRi universe 32,.jpg,2018,HDRi univserse,hero,The Probability Report
HDRi universe 33,.jpg,2018,HDRi univserse,hero,The Probability Report
HDRi universe 34,.jpg,2018,HDRi univserse,hero,The Probability Report
HDRi universe 35,.jpg,2018,HDRi univserse,hero,The Probability Report
HDRi universe 36,.jpg,2018,HDRi univserse,hero,The Probability Report
HDRi universe 37,.jpg,2018,HDRi univserse,hero,The Probability Report
Light refraction on leaves video,.mp4,2018,Light refraction on leaves video,hero,The Probability Report
Leaves,.jpg,2019,Leaves,hero,Aaneembare wereld
Leaves expo1,.jpg,2019,Leaves,Installation,Aaneembare wereld
Romance,.jpg,2019,Romance,hero,Aaneembare wereld
Romance expo1,.jpg,2019,Romance,Installation,Aaneembare wereld
Romance expo2,.jpg,2019,Romance,Installation,Aaneembare wereld
Romance expo3,.jpg,2019,Romance,Installation,Aaneembare wereld
Interview met fruitboer in haspengouw,.txt,2019,Verhaal van fruitboer,text,Aaneembare wereld
Hagelkanon hoorn,.png,2019,Hagelkanon hoorn,hero,Aaneembare wereld
Hagelkanon hoorn gif,.gif,2019,Hagelkanon hoorn,hero,Aaneembare wereld
Hagelkanon hoorn expo1,.jpg,2019,Hagelkanon hoorn,Installation,Aaneembare wereld
Hagelkanon hoorn expo2,.jpg,2019,Hagelkanon hoorn,Installation,Aaneembare wereld
Hagelkanon hoorn expo3,.jpg,2019,Hagelkanon hoorn,Installation,Aaneembare wereld
Nachtlicht 1,.jpg,2020,Straatlicht stillevens,hero,Publicatie Pink house
Nachtlicht 2,.jpg,2020,Straatlicht stillevens,hero,Publicatie Pink house
Nachtlicht 3,.jpg,2020,Straatlicht stillevens,hero,Publicatie Pink house
Nachtlicht 4,.jpg,2020,Straatlicht stillevens,hero,Publicatie Pink house
Nachtlicht 5,.jpg,2020,Straatlicht stillevens,hero,Publicatie Pink house
Nachtlicht 6,.jpg,2020,Straatlicht stillevens,hero,Publicatie Pink house
Nachtlicht 7,.jpg,2020,Straatlicht stillevens,hero,Publicatie Pink house
Nachtlicht 8,.jpg,2020,Straatlicht stillevens,hero,Publicatie Pink house
Nachtlicht 9,.jpg,2020,Straatlicht stillevens,hero,Publicatie Pink house
Nachtlicht 10,.jpg,2020,Straatlicht stillevens,hero,Publicatie Pink house
Nachtlicht 11,.jpg,2020,Straatlicht stillevens,hero,Publicatie Pink house
Nachtlicht 12,.jpg,2020,Straatlicht stillevens,hero,Publicatie Pink house
Nachtlicht 13,.jpg,2020,Straatlicht stillevens,hero,Publicatie Pink house
Nachtlicht 14,.jpg,2020,Straatlicht stillevens,hero,Publicatie Pink house
Nachtlicht 15,.jpg,2020,Straatlicht stillevens,hero,Publicatie Pink house
Nachtlicht expo1,.jpg,2020,Nachtlicht,Installation,Publicatie Pink house
Nachtlicht expo2,.jpg,2020,Straatlicht stillevens,Installation,Publicatie Pink house
Witte struik,.jpg,2021,Witte struik,hero,Publicatie Fusee de la Motography
Witte struik expo1,.jpg,2021,Witte struik,Installation,Publicatie Fusee de la Motography
Witte struik expo2,.jpg,2021,Witte struik,Installation,Publicatie Fusee de la Motography
Witte struik expo3,.jpg,2021,Witte struik,Installation,Publicatie Fusee de la Motography
Witte struik expo4,.jpg,2021,Witte struik,Installation,Publicatie Fusee de la Motography
Witte struik expo5,.jpg,2021,Witte struik,Installation,Publicatie Fusee de la Motography
Corsica,.jpg,2022,Corsica,hero,Zoltar (in progress)
Corsica detail1,.jpg,2022,Corsica,screenshot,Zoltar (in progress)
Corsica expo1,.jpg,2022,Corsica,Installation,Zoltar (in progress)
Corsica expo2,.jpg,2022,Corsica,Installation,Zoltar (in progress)
Corsica expo3,.jpg,2022,Corsica,Installation,Zoltar (in progress)
Alsof de hemel in de fik staat,.jpg,2023,Alsof de hemel in de fik staat,hero,Zoltar (in progress)
Polarisatie kubus,.jpg,2022,Polarisatie kubus,hero,Zoltar (in progress)
Polarisatie kubus expo1,.jpg,2022,Polarisatie kubus,Installation,Zoltar (in progress)
Polarisatie kubus expo2,.jpg,2022,Polarisatie kubus,Installation,Zoltar (in progress)
Oranje kever,.jpg,2022,Oranje kever,hero,Zoltar (in progress)
Witte struik editie 1,.jpg,2023,Witte struik editie,Installation,Zoltar (in progress)
Witte struik editie 2,.jpg,2023,Witte struik editie,Installation,Zoltar (in progress)
Witte struik editie 3,.jpg,2023,Witte struik editie,Installation,Zoltar (in progress)
Witte struik editie 4,.jpg,2023,Witte struik editie,Installation,Zoltar (in progress)
Witte struik editie 5,.jpg,2023,Witte struik editie,Installation,Zoltar (in progress)
Le carnaval du mystere,.jpg,2022,Le carnaval du mystere,hero,Zoltar (in progress)
Le carnaval du mystere,.mp4,2022,Le carnaval du mystere,hero,Zoltar (in progress)
Le carnaval du mystere expo1,.jpg,2022,Le carnaval du mystere,Installation,Zoltar (in progress)
Le carnaval du mystere expo2,.jpg,2022,Le carnaval du mystere,Installation,Zoltar (in progress)
Dreaming of Fiji expo1,.jpg,2023,Dreaming of fiji,hero,Dreaming of Fiji
Dreaming of Fiji expo2,.jpg,2023,Dreaming of fiji,Installation,Dreaming of Fiji
Dreaming of Fiji expo3,.jpg,2023,Dreaming of fiji,Installation,Dreaming of Fiji
Dreaming of Fiji expo4,.jpg,2023,Dreaming of fiji,Installation,Dreaming of Fiji
Chinese wolhandkrab,.jpg,2023,Dreaming of fiji,hero,Dreaming of Fiji
Metalen camion,.jpg,2023,Dreaming of fiji,hero,Dreaming of Fiji
Donkergroene rug,.jpg,2023,Dreaming of fiji,hero,Dreaming of Fiji
"Metalen rasp, gele citroen",.jpg,2023,Dreaming of fiji,hero,Dreaming of Fiji
Paarse microvezeldoek,.jpg,2023,Dreaming of fiji,hero,Dreaming of Fiji
Blauwe trui,.jpg,2023,Dreaming of fiji,hero,Dreaming of Fiji
Groen rond bord,.jpg,2023,Dreaming of fiji,hero,Dreaming of Fiji
Roestige roofing,.jpg,2023,Dreaming of fiji,hero,Dreaming of Fiji
Muurlogo de post,.jpg,2023,Dreaming of fiji,hero,Dreaming of Fiji
Zwarte platte draad,.jpg,2023,Dreaming of fiji,hero,Dreaming of Fiji
Afgeschoten blauw hout,.jpg,2023,Dreaming of fiji,hero,Dreaming of Fiji
Zwarte metrovloer,.jpg,2023,Dreaming of fiji,hero,Dreaming of Fiji
Metalen orb,.jpg,2023,Dreaming of fiji,hero,Dreaming of Fiji
Groene muurkras,.jpg,2023,Dreaming of fiji,hero,Dreaming of Fiji
Reflecterende cirkelsticker,.jpg,2023,Dreaming of fiji,hero,Dreaming of Fiji
Reflecterend hoesje,.jpg,2023,Dreaming of fiji,hero,Dreaming of Fiji
Maria in wit steen,.jpg,2023,Dreaming of fiji,hero,Dreaming of Fiji
"Wit hout, rood hout",.jpg,2023,Dreaming of fiji,hero,Dreaming of Fiji
"Groene plant, roestig metaal",.jpg,2023,Dreaming of fiji,hero,Dreaming of Fiji
Aalscholver,.jpg,2023,Dreaming of fiji,hero,Dreaming of Fiji
Rode gelatinetaart,.jpg,2023,Dreaming of fiji,hero,Dreaming of Fiji
Rode opstapkruk,.jpg,2023,Dreaming of fiji,hero,Dreaming of Fiji
Blauwe tegels,.jpg,2023,Dreaming of fiji,hero,Dreaming of Fiji
Waterpatroon in krijtrots,.jpg,2023,Dreaming of fiji,hero,Dreaming of Fiji
Woelige zee,.jpg,2023,Dreaming of fiji,hero,Dreaming of Fiji
Polarisatie gekleurde kan,.jpg,2023,Dreaming of fiji,hero,Dreaming of Fiji
Groene sprieten in zwart water,.jpg,2023,Dreaming of fiji,hero,Dreaming of Fiji
Oranje kano,.jpg,2023,Dreaming of fiji,hero,Dreaming of Fiji
Grijze duivenvleugel,.jpg,2023,Dreaming of fiji,hero,Dreaming of Fiji
Gele takkenboom,.jpg,2023,Dreaming of fiji,hero,Dreaming of Fiji
Rode panelen met groen mos,.jpg,2023,Dreaming of fiji,hero,Dreaming of Fiji
Metalen cirkel plafond,.jpg,2023,Dreaming of fiji,hero,Dreaming of Fiji
Rood gestreept hemd,.jpg,2023,Dreaming of fiji,hero,Dreaming of Fiji
Blauwe bleachingkap,.jpg,2023,Dreaming of fiji,hero,Dreaming of Fiji
Blauwe trappenhal,.jpg,2023,Dreaming of fiji,hero,Dreaming of Fiji
Grijze band op stoeprand,.jpg,2023,Dreaming of fiji,hero,Dreaming of Fiji
Oranje straatplant,.jpg,2023,Dreaming of fiji,hero,Dreaming of Fiji
Zwarte autokras,.jpg,2023,Dreaming of fiji,hero,Dreaming of Fiji
Rode woekerplant,.jpg,2023,Dreaming of fiji,hero,Dreaming of Fiji
Gekleurde garagetools,.jpg,2023,Dreaming of fiji,hero,Dreaming of Fiji
Rode en gele tegels,.jpg,2023,Dreaming of fiji,hero,Dreaming of Fiji
Roestig elektriciteitshuisje,.jpg,2023,Dreaming of fiji,hero,Dreaming of Fiji
Reflecterend geel figuur,.jpg,2023,Dreaming of fiji,hero,Dreaming of Fiji
Krijtrots in Fécamp,.jpg,2023,Dreaming of fiji,hero,Dreaming of Fiji
Binnenkant mond,.jpg,2023,Dreaming of fiji,hero,Dreaming of Fiji
Groene struik,.jpg,2023,Dreaming of fiji,hero,Dreaming of Fiji
David den brandt,.jpg,2023,Dreaming of fiji,hero,Dreaming of Fiji
Rood gemarkeerde stam,.jpg,2023,Dreaming of fiji,hero,Dreaming of Fiji
Wilde wingerd,.jpg,2023,Dreaming of fiji,hero,Dreaming of Fiji
Achterkant verkeersbord,.jpg,2023,Dreaming of fiji,hero,Dreaming of Fiji
Witte stengel,.jpg,2023,Dreaming of fiji,hero,Dreaming of Fiji
Middeleeuws tapijt,.jpg,2023,Dreaming of fiji,hero,Dreaming of Fiji
Metalen kastje,.jpg,2023,Dreaming of fiji,hero,Dreaming of Fiji
Rode stickerresidu,.jpg,2023,Dreaming of fiji,hero,Dreaming of Fiji
Ingevet blauw tandwiel,.jpg,2023,Dreaming of fiji,hero,Dreaming of Fiji
,,2024,ChroabeGAN,,Zoltar (in progress)
,,,,,
